{
  "current_balance": 1778.2893939116218,
  "peak_equity": 5031.839090948839,
  "current_drawdown": 0.6465925555707117,
  "max_drawdown": 0.6808227370612694,
  "daily_pnl": 0.0,
  "weekly_pnl": 2.6989558517827845,
  "total_trades": 975,
  "wins": 405,
  "losses": 570,
  "closed_pnl": -3221.7106060883857,
  "open_positions": 1
}