{
  "total_trades": 975,
  "wins": 405,
  "losses": 570,
  "win_rate": 0.4153846153846154,
  "total_pnl_usd": -3221.710606088379,
  "avg_pnl_per_trade": -3.3043185703470552,
  "expectancy_r": -0.5472210122169707,
  "max_drawdown": 0.6808227370612694,
  "final_balance": 1778.2893939116218
}